Model,Accuracy,F1 Score,Precision,Recall,Avg Accuracy (CV),Avg F1 Score (CV)
Logistic Regression,0.9993679997191109,0.8043478260869565,0.8604651162790697,0.7551020408163265,0.9992310583116348,0.7612122642374962
Decision Tree,0.9992275552122467,0.7555555555555555,0.8292682926829268,0.6938775510204082,0.9991503011791718,0.7160642714858282
